Category,Subcategory,Total_Consumers_n_93_percent,Cluster_1_n_21_percent,Cluster_2_n_43_percent,Cluster_3_n_29_percent
Gender,Female,52,38,56,55
Gender,Male,48,62,44,45
Age,18–24 years,14,10,12,21
Age,25–34 years,12,5,14,14
Age,35–44 years,17,5,16,28
Age,45–54 years,27,38,26,21
Age,55–64 years,30,43,33,17
Mouth Behaviour,Chewer,22,14,19,31
Mouth Behaviour,Cruncher,35,29,40,34
Mouth Behaviour,Smoosher,10,14,5,14
Mouth Behaviour,Sucker,23,24,26,17
Mouth Behaviour,Unclassified,11,19,12,3
Consumption Habits Any Flavour,Less than once a week,7,5,12,3
Consumption Habits Any Flavour,Once a week,10,19,7,7
Consumption Habits Any Flavour,2–4 times a week,57,52,51,69
Consumption Habits Any Flavour,Once a day or more,25,24,30,21
Consumption Habits Ready Salted,Less than once a week,21,33,21,14
Consumption Habits Ready Salted,Once a week,29,14,30,38
Consumption Habits Ready Salted,2–4 times a week,44,43,42,48
Consumption Habits Ready Salted,Once a day or more,4,10,7,0
Normal Commercial Crisp Consumption,Walkers Ready Salted,83,95,67,97
Normal Commercial Crisp Consumption,Walkers Hint of Salt,14,10,7,28
Normal Commercial Crisp Consumption,Supermarket Own-Brand Ready Salted,43,48,33,55
Normal Commercial Crisp Consumption,Walkers Oven Baked Sea Salt,44,33,40,59
Normal Commercial Crisp Consumption,Kettle Original Sea Salt,45,67,44,31
Normal Commercial Crisp Consumption,Pringles Original Salted,70,57,72,76
Normal Commercial Crisp Consumption,Smiths Original Crinkle Cut Salted,11,14,7,14
Normal Commercial Crisp Consumption,McCoys Ridge Cut Salted,49,71,35,5
Normal Commercial Crisp Consumption,Originally Smiths Walkers Salt and Shake,17,24,14,17
Normal Commercial Crisp Consumption,Tyrells Lightly Salted,26,33,30,14
Normal Commercial Crisp Consumption,Walkers Crinkles Simply Salted,30,14,28,45
Normal Commercial Crisp Consumption,Popchips Sea Salted,6,5,12,0
Normal Commercial Crisp Consumption,Pom Bear Original,29,19,26,41
