Table 3. Evaluation of sensory attributes,,,,
Attribute Trial 1 Trial 2,Trial 3,Trial 4,Trial 5,Mean ± SD
Appearance 8 9,8,10,10,9.0 ± 0.89
Colour 7 9,9,9,10,8.8 ± 1.10
Texture 8 8,8,9,9,8.4 ± 0.55
Taste 7 9,9,10,10,9.0 ± 1.00
Aroma 9 9,9,10,10,9.4 ± 0.55
Overall Acceptability 9 9,9,9,10,9.2 ± 0.45
,,,,
Table 4. Statistical analysis of sensory attributes,,,,
Attribute F-Value,p-Value,,,
Appearance 2.50,0.117,,,
Colour 3.70,0.045,,,
Texture 1.00,0.441,,,
Taste 3.80,0.042,,,
Aroma 2.00,0.17,,,
Overall Acceptability 1.50,0.26,,,
,,,,
Table 4. Nutritional analysis of jackfruit chips,,,,
Component Value (Mean ± SD),,,,
Moisture Content 21.00 ± 0.50,,,,
Total Ash 0.92 ± 0.50,,,,
Crude Fat 8.25 ± 0.50,,,,
Crude Fibre 4.25 ± 0.50,,,,
Protein,6.72 ± 0.50,,,
Carbohydrates,62.00 ± 0.50,,,
