"",,Table 3. Proximate composition of experimental and control chips (g/100 g).
"",Protein 1,Fat Carbohydrate 2 Total Dietary Fibers Ash kcal/100 g kJ/100 g
CTRc,24.03 ± 0.11 a,4.08 ± 0.27 b 57.15 11.71 ± 0.46 b 3.03 ± 0.02 b 384.86 1610.24
HSc5%,23.09 ± 0.21 b,6.68 ± 0.04 a 51.21 15.63 ± 0.05 a 3.39 ± 0.05 a 388.55 1625.71
"",,Data are means ± standard deviation of two (n = 2) replicates. Different letters indicate significant differences
"",,"(p ≤ 0.05), according to Student’s t-test. CTRc: control chip recipe; HSc5%: hazelnut skin chip 5% recipe."
"",,"1 Conversion factor: 6.25. 2 As difference (i.e., 100—(g [protein + fat + total dietary fiber + ash] in 100 g of dry"
"",,weight sample)).
Table 4. Least squares means of sensory attributes and overall judgment of the two products.
Attributes HSc5% CTRc Pr > F(Model) Significant
Hardness 7.889 a 6.667 b 0.000 Yes
Crunchiness 8.722 a 8.000 b 0.003 Yes
Pastiness 0.900 b 2.044 a <0.0001 Yes
Sweetness 0.833 b 2.833 a <0.0001 Yes
Bitterness 3.778 a 0.944 b <0.0001 Yes
Astringent 0.278 a 0.000 b 0.006 Yes
Broth 2.000 b 3.000 a <0.0001 Yes
Pulse-like 4.333 b 8.667 a <0.0001 Yes
Hazelnut aroma 2.650 a 0.300 b <0.0001 Yes
Caramel aroma 0.389 a 0.000 b <0.0001 Yes
Walnut aroma 2.056 a 0.222 b <0.0001 Yes
Bread aroma 4.000 a 2.667 b <0.0001 Yes
Potato 4.389 b 7.333 a <0.0001 Yes
Coffee-like 2.722 a 0.000 b <0.0001 Yes
Roasty 6.667 a 0.000 b <0.0001 Yes
Aromatic intensity 6.944 a 6.056 b <0.0001 Yes
Overall judgment 6.844 a 5.611 b <0.0001 Yes
Means that show different letters are significantly different (p ≤ 0.05) according to Student’s t-test. CTRc: control
chip recipe; HSc5%: hazelnut skin chip 5% recipe.
"",Table 5. Control of Assessor performance in the sensorial analysis.,,
Attributes Summary:,Assessors Summary:,,
Attributes,FProd 7 2 5 9 8 6 3,4,1
Roasty,"273,780 + + + + + + +",+,+
Coffee-like,"136,765.5 + + + + + + +",+,+
Potato,"104,458.2 + + + + + + +",+,+
Aromatic intensity,"34,105.6 + + + + + + +",+,+
Sweetness,"30,976 + + + + + + +",+,+
Bitterness,"29,443.81 + + + + + + +",+,+
Broth,"28,302.4 + + + + + + +",+,+
Hardness,"26,208.8 + + + + + + +",+,+
Bread aroma,"12,742.23 + + + + + + +",+,+
Walnut aroma,8428.423 + + − − = + =,−,−
Pulse-like,7765.902 + − + + + + +,+,+
Overall judgment,6240.364 + + + + + + +,+,+
Astringent,4344.897 + + + + + + =,+,+
Caramel aroma,2621.44 + + + + + + +,+,=
Hazelnut aroma,2353.613 + + − − + + +,+,−
Pastiness,1178.133 + + + + + + +,+,+
Crunchiness,833.333 + + + + + + +,+,+
RankF,4 4.206 4.324 4.588 5.353 5.471 5.529,5.588,5.941
"",FProd: Fisher statistics of the product effect; RankF: average of the ranks of the product effects by assessor on all,,
"","descriptors; the assessors and descriptors are sorted according to their discriminating power (RANKF and FPROD,",,
"",respectively); +: discriminating assessor and in agreement with the panel; −: discriminating and disagreeing,,
"",assessor; =: non-discriminating assessor.,,
