Table 2 Sensory quality of,,,,,
chips prepared from four,Variety,Sensory quality (n=44),,,
cooking type banana varieties,,,,,
"",,Texture Taste Colour,Crispiness,Overall acceptability,Panellist preference (%)
"",Cardaba,3.5 3.0 2.8c,2.9c,2.9c,13.0c
"",Kitawira,3.4 3.6 3.5bc,3.8a,3.5ab,23.0b
Each observation is a mean,,,,,
"",Matoke,3.3 3.4 3.6ab,3.7ab,3.5ab,32.0a
"(n=44). *, **, significant at",,,,,
"",,a,a,a,a
"P≤0.05 or P≤0.01, respectively.",Nijiru,3.4 3.6 3.7,3.9,3.6,32.0
Means with the same letter,Significance,ns ns **,*,**,**
within columns were not signif-,CV%,4.4 7.7 6.2,8.3,5.5,6.1
icantly different at P≤0.05,,,,,
Table 3 Deep-fat fried chips chemical quality characters of four
cooking type banana varieties
Variety CMFY CMC CDM CAA (mg AAL AAP
"(%) (%) 100 g−1) (%)"
Cardaba 0.42a 9.0a 91.0b 1.5ab 35.6a 64.4c
Kitawira 0.40b 2.5b 97.5a 1.4bc 13.2c 96.8a
Matoke 0.37c 4.0b 96.0a 1.2c 32.5a 67.5c
Nijiru 0.38c 2.2b 97.8a 1.7a 20.6b 79.4b
Sign *** ** ** ** *** * **
CV% 0.98 38.4 1.9 8.4 17.3 5.2
