"",Table 2:,Generated values after experimental runs,
Run,Drying Temperature(◦C),Thickness(mm) Drying Time (min),Moisture Content (%)
1,70,4 480,12.01
2,60,4 600,11.5
3,65,5 540,18.5
4,65,5 540,15.9
5,70,4 600,9.2
6,65,6.69 540,17.5
7,60,6 480,16.54
8,60,6 600,15.1
9,60,4 480,14.13
10,65,5 540,18.2
11,70,6 480,12.4
12,65,5 540,14.1
13,56.60,5 540,14.85
14,73.41,5 540,10
15,65,3.32 540,11.3
16,70,6 600,9.9
17,65,5 540,13.5
18,65,5 640.91,14.32
19,65,5 439.10,17.17
20,65,5 540,17.43
"",Table 3: ANOVA Results for model representing Moisture content,
Sources,Sum of Squares,df Mean Square F-value p-value
Model,126.45,9 14.05 4.24 0.0171 Significant
A-Temperature,35.17,1 35.17 10.61 0.0086
B-Thickness,22.49,1 22.49 6.78 0.0263
C-Time,14.71,1 14.71 4.44 0.0614
AB,3.03,1 3.03 0.9125 0.3620
AC,0.1922,1 0.1922 0.0580 0.8146
BC,0.2813,1 0.2813 0.0848 0.7768
A2,40.16,1 40.16 12.11 0.0059
B2,13.59,1 13.59 4.10 0.0704
C2,3.54,1 3.54 1.07 0.3258
Residual,33.16,10 3.32
Lack of Fit,10.60,5 2.12 0.4697 0.7868 not significant
Pure Error,22.56,5 4.51
Cor Total,159.61,19
Table 4:,Statistical information for ANOVA for Moisture Content
"",Parameter Value
"",R-squared 0.7922
"",Adjusted R-squared 0.6053
"",Predicted R-squared 0.2934
"",Mean 14.18
"",Standard Deviation 1.82
"",C.V% 12.84
"",Adequate Precision 6.5883
