"Table 1: Experimental design (CCRD) of swe et potato chips processing conditions and the experimental results of moisture content, water"
"activity, oil contentF,i gLu vrael 1u:e A,  tfolotawl  cchoalrot ro fd pifrfoecreessnicneg ,o hf aswrdenete psost aaton dch cipriss  pness of different fried sweet potato chips"
Frying Pre- Frying Frying Moisture Water Oil Content Total Color Hardness Crispness
"conditions Drying Temp (°C), Time Content (%) Activity (%)"
L-value
Difference (N)
"Time Ft (min), FT"
"(min), DT"
X1 X2 X3
1 20 (-1) 130 (-1) 3 (-1) 42.07±0.00 0.93±0.01 12.57±3.44 45.87±1.57 16.28±1.41 0.14±0.02 1±0.44
2 20 (-1) 160 (1) 3 (-1) 49.96±0.07 0.96±0.00 12.47±4.01 41.86±2.50 20.09±3.08 38.01±4.68 4±0.488
3 20 (-1) 130 (-1) 7 (1) 22.90±0.00 0.62±0.01 14.13±0.74 42.35±0.09 19.99±0.12 4.36±1.43 1±0.50
4 20 (-1) 160 (1) 7 (1) 13.97±0.12 0.24±0.01 24.32±0.88 23.08±2.35 51.51±2.56 12.35±0.61 10±1.21
5 40 (1) 130 (-1) 3 (-1) 15.77±0.02 0.56±0.01 26.95±0.28 48.10±0.76 14.69±0.54 27.76±0.90 5±0.89
6 40 (1) 160 (1) 3 (-1) 24.54±0.03 0.76±0.00 23.35±5.94 46.88±2.48 15.44±2.57 28.55±1.36 4±0.43
7 40 (1) 130 (-1) 7 (1) 16.09±0.00 0.37±0.01 19.77±2.37 44.58±1.57 16.83±1.51 56.89±3.68 5±0.62
8 40 (1) 160 (1) 7 (1) 17.24±0.02 0.38±0.02 28.35±2.69 44.78±4.15 18.09±3.64 48.89±1.76 4±1.07
9 30 (0) 145 (0) 5 (0) 12.67±0.03 0.34±0.03 16.75±1.21 49.68±4.13 15.87±2.43 45.67±2.21 10±1.16
10 30 (0) 145 (0) 5 (0) 10.35±0.02 0.40±0.14 23.95±3.66 35.35±5.41 32.39±6.34 53.45±1.76 10±0.40
11 30 (0) 145 (0) 5 (0) 12.10±0.01 0.34±0.02 17.60±2.03 38.63±9.53 24.88±9.92 50.99±3.46 10±1.09
12 30 (0) 145 (0) 5 (0) 12.35±0.01 0.30±0.01 21.25±2.48 42.93±4.42 21.39±4.61 40.55±2.09 10±1.18
13 30 (0) 145 (0) 5 (0) 10.89±0.02 0.24±0.01 16.75±0.89 42.56±5.43 21.72±5.27 53.89±1.23 9±0.40
14 30 (0) 145 (0) 5 (0) 12.32±0.02 0.31±0.01 17.60±1.44 42.67±4.47 21.79±4.61 51.23±1.56 10±1.06
15 13 (-1.68) 145 (0) 5 (0) 28.59±0.08 0.83±0.01 14.45±0.79 43.60±5.50 19.05±5.27 1.23±0.02 1±0.00
16 47 (1.68) 145 (0) 5 (0) 13.32±0.04 0.53±0.01 25.15±3.54 51.99±2.34 13.80±0.85 43.22±0.89 4±0.81
17 30 (0) 120 (-1.68) 5 (0) 55.59±0.01 0.93±0.01 13.35±1.57 48.71±0.26 13.87±0.11 2.35±0.04 2±0.4
18 30 (0) 170 (1.68) 5 (0) 12.84±0.03 0.39±0.02 36.05±4.32 51.27±2.99 12.64±1.50 46.78±2.23 9±1.21
19 30 (0) 145 (0) 2 (-1.68) 25.38±0.00 0.82±0.00 3.45±0.68 47.68±0.38 13.82±0.36 27.89±1.85 2±0.44
20 30 (0) 145 (0) 8 (1.68) 14.46±0.00 0.33±0.00 16.50±1.64 41.81±2.81 20.18±2.88 5.54±0.12 8±0.98
"X1= (DT- 30)/10, X2= (Ft- 145)/15, X3= (FT-5)/2"
"Table 2: Predictive regression models for moisture content, water activity, oil content, L value, total color difference, hardness and crispness"
of sweet potato chips
Response Variable Predictive Regression Models
Moisture Content (%) 11.80 - 5.93X1 -9.82X2 - 0.69X3 + 6.02X1X2 +1.37X1X3 - 3.05X2X3 + 3.13 X12 +7.82 X22 + 2.77 X32
Water Activity 0.32 – 0.08X1 - 0.18X2 - 0.69X3 + 0.05X1X2 + 0.07X1X3 – 0.075X2X3 + 0.11X12 + 0.108X22 + 0.07X32
Oil Content (%) 17.13 + 4.14X1 + 2.67X2 + 3.74X3 – 0.619X1X2 -3.05X1X3 + 2.83X2X3 – 0.7292 X12 – 2.58X22 + 2.96X32
L value 41.97 + 2.50X1 + 0.76X2 -1.74X3 + 2.08X1X2 + 2.78X1X3 – 1.73X2X3 + 2.06X12 +2.83X22 +0.9812X32
Total color difference 23.01 -1.56X1 – 0.366X2 + 1.89X3 – 3.79X1X2 – 4.16X1X3 + 3.53X2X3 – 2.33X12 – 3.45X22 – 2.12X32
Hardness (N) 40.05+13.02X1 + 8.30X2 -0.6994X3 – 6.663X1X2 + 8.86X1X3 -4.83X2X3 – 7.96X12 – 7.13X22 – 9.90X32
Crispness 8.84 +0.3694X1 + 1.45X2 + 1.32X3 – 2.0X1X2 –0.5X1X3 +1.0X2X3 – 2.25X12 – 1.19X22 – 1.37X32
"Table 3: Analysis of variance (ANOVA) for the regression models of moisture content, water activity, oil content, L value, total color"
"difference, hardness and crispiness of sweet potato chips"
Model source Sum of DF Mean F-value F-crit value P value Adequate R2
square square precision
Moisture content 3176.45 9 397.06 22.62 3.18 0.0001 14.13 0.94
Water activity 1.13 9 0.125 14.28 3.18 0.0001 11.55 0.92
Oil content 891.07 9 99.01 8.77 3.18 0.0011 10.73 0.88
L-value 559.78 9 62.20 4.27 3.18 0.0167 7.80 0.79
Total color difference 856.00 9 95.11 3.05 3.18 0.0488 7.25 0.73
Hardness 6999.05 9 777.67 8.15 3.18 0.0015 8.34 0.88
Crispness 199.56 9 22.17 5.63 3.18 0.0062 7.51 0.83
Table 4: Results of numerical optimization using desirability function of sweet potato chips,,,
Parameter Goal Lower Upper Lower,,Upper,Importance
Limit Limit Weight,,Weight,
Pre-drying Minimize 20 40 1,,1,3
Frying temperature Maximize 130 160 1,,1,3
Frying time Maximize 3 7 1,,1,3
Moisture content Minimize 10.34 55.59 1,,1,3
Water activity Minimize 0.23 0.96 1,,1,3
Oil content  Minimize 3.45 36.45 1,,1,3
L value In range 42 48 1,,1,3
Total color difference Minimize 12.44 46.77 1,,1,3
Hardness Maximize 0.14 56.89 1,,1,3
Crispness Maximize 1 10 1,,1,3
Solutions,,,
Number Pre-drying Frying Frying Moisture Water Oil content L value,Total,Hardness,Crispness Desirability
"(min) Temp. Time content activity",Color,(N),
"(°C) (min) (%)",difference,,
1 26.62 160 5.40 9.39 0.23 18.09 42.00,25.74,45.02,9.83 0.779
2 26.54 160 5.37 9.45 0.24 17.95 42.00,25.70,45.09,9.80 0.779
3 26.53 160 5.35 9.48 0.24 17.85 42.03,25.63,45.22,9.78 0.778
4 26.82 160 5.37 9.39 0.23 18.03 42.17,25.47,45.45,9.80 0.778
5 26.92 160 5.36 9.40 0.23 18.00 42.25,25.35,45.65,9.78 0.778
