"content, color (L*) and texture",
Frying Frying Moisture (%) Oil content (%) Texture (N) Color (L*),
temperature time,
(°C) (min) a b c a b c a b c a b c,
1 140 6 3.80 5.5 9.5 33.70 36.5 36.4 7.60 7.00 7.50 57.80 58.40 54.30,
2 160 2 2.50 4.0 7.0 36.02 38.5 37.5 10.90 9.80 8.50 61.30 62.10 56.90,
3 160 6 1.60 2.6 3.6 37.80 40.3 40.3 14.50 10.50 9.35 63.00 61.20 59.20,
4 180 6 0.50 2.12 2.6 39.0 40.7 41.5 6.40 6.30 7.76 50.30 51.70 56.80,
5 180 4 1.10 2.5 2.8 38.71 39.2 40.9 7.50 8.50 8.50 55.20 56.30 60.10,
6 160 4 1.90 2.9 5.0 37.01 36.9 38.5 13.50 10.00 9.20 63.60 61.40 57.80,
7 140 4 5.50 7.0 12.6 31.00 32.6 34.3 4.40 3.50 4.90 55.70 54.30 51.20,
8 180 2 1.40 2.9 3.2 38.31 40.7 40.7 9.10 11.50 9.30 56.20 61.70 59.90,
9 160 4 1.90 3.4 5.0 37.01 36.9 38.5 13.00 10.00 9.20 64.20 61.40 57.80,
10 140 2 6.90 8.1 16.4 28.00 31.5 32.0 2.30 1.20 2.99 50.60 50.50 48.10,
11 160 4 1.90 2.9 5.0 37.01 36.9 38.5 13.00 10.00 9.20 64.20 61.40 57.80,
"a: Kabode variety, b: Dilla variety, c: Kulfo variety of sweet potato.",
"Table 2. Response surface quadratic model of Kabode, Dilla and Kulfo variety chips on moisture content, oil content, texture and",
color.,
Moisture Oil content Texture Color,
Coefficients,
a b c a b c a b c a b c,
STD 0.30 0.24 0.11 0.36 0.42 0.16 0.65 0.17 0.27 0.37 0.08 0.63,
2 R 0.988 0.993 0.999 0.995 0.992 0.999 0.987 0.999 0.992 0.998 0.998 0.985,
2 Adjusted R 0.976 0.986 0.999 0.989 0.981 0.997 0.973 0.997 0.984 0.995 0.999 0.971,
2 Predicated R 0.880 0.970 0.997 0.942 0.931 0.989 0.867 0.988 0.926 0.981 0.998 0.870,
PRESS 4.66 1.22 0.68 7.01 6.63 1.00 21.10 1.23 3.16 5.12 0.30 18.19,
Adequate,
26.93 34.22 161.50 39.10 29.46 81.20 25.47 82.70 34.00 49.91 208.00 26.50,
precision,
P-Value 0.0001 0.0001 0.0001 0.0001 0.0001 0.0001 0.0001 0.0001 0.0001 0.0001 0.0001 0.0001,
"a: Kabode variety, b: Dilla variety, c: Kulfo variety of sweet potato, PRESS: prediction residual sum of squares, STD: Standard",
"2deviation, R : Regression coefficient.",
Table 3. Optimized frying conditions and quality attributes (responses) of sweet potato chips,
O Frying T Frying time Moisture Oil Content,
Variety Texture (N) Color (L*),Desirability
(°C) (min) Content (%) (%),
Kabode 154.81 3.82 2.70503 35.7030 11.89000 63.37,0.617
Dilla 160.11 3.66 3.26203 37.0068 9.91468 61.50,0.714
Kulfo 162.65 3.04 5.23120 38.4758 9.06636 58.14,0.675
Table 4. Proximate composition and sensory characteristics of,
sweet potato chips.,
Varieties,
Paraments,
Kabode Dilla Kulfo,
aMoisture (%) 2.5±0.57  b 3.73±0.4  b 5.84±0.25,
aOil Content (%) 34.0±0.83  a 36.6±0.99  a 39.6±2.35,
aFiber (%) 2.13±0.52  a 1.84±0.37  a 1.05±0.06,
bProtein (%) 2.01±0.10  a 1.32±0.16  b 0.72±0.17,
aAsh (%) 3.21±0.41  a 2.93±0.23  a 2.17±0.14,
aCHO (%) 56.14±1.4  a 53.58±0.6  a 50.58±2.5,
cFlavor 6.4±0.52  a 5.5±0.84  b 4.0±0.82,
bColor 6.0±0.82  a 5.4±0.53  a 4.5±0.53,
cCrispness 6.5±0.69  a 5.4±0.63  b 4.3±0.67,
bOverall Acceptability 6.2±0.63  a 5.9±0.74  a 4.2±0.73,
Values are presented as mean±SD. Values with different,
superscript within the same row are statistically significantly,
different (p<0.05).,
