"Table 2. Dry matter (%), ash (%), pH and total acidity (%) values of the samples"
Samples Dry matter Ash content pH Total acidity (%)
K 15.84f ± 0.01 0.71cd ± 0.16 2.97g ± 0.03 1.13cd ± 0.08
P 18.15e ± 0.10 0.16d ± 0.06 3.93c ± 0.02 0.22e ± 0.08
O 15.60f ± 1.00 0.45cd ± 0.03 2.84h ± 0.09 0.88d ± 0.04
A 18.25e ± 0.04 0.19d ± 0.00 4.25a ± 0.06 0.26e ± 0.07
DK 93.90bc ± 0.29 2.80ab ± 0.85 3.12f ± 0.00 1.99b ± 0.07
DP 87.34d ± 0.29 2.30abc ± 0.92 4.06b ± 0.02 0.94d ± 0.03
DO 92.80c ± 0.42 1.93abcd ± 0.82 3.45d ± 0.01 2.05b ± 0.06
DA 86.75d ± 0.46 3.51a ± 0.93 4.12b ± 0.04 0.88d ± 0.04
K-P 96.34a ± 0.08 1.52bcd ± 0.03 2.97g ± 0.04 1.41c ± 0.13
A-O 94.55bc ± 0.05 1.05bcd ± 0.13 3.27e ± 0.02 2.52a ± 0.27
"Results are presented as mean ± standard deviation (SD), and different letters within columns indicate statistically significant"
differences (P < 0.05) by Tukey’s multiple range test. K: fresh kiwi; P: fresh pear; O: fresh orange; A: fresh apple; DK: dried kiwi;
DP: dried pear; DO: dried orange; DA: dried apple; K-P: kiwi-pear chips; A-O: apple-orange chips
"Table 3. Ascorbic acid, total phenolic, antioxidant activity and HMF values of the samples"
Samples Ascorbic acid (mg/100 mL) Total phenol content Antioxidant activity (%) HMF content (mg/L)
"(mg GAE g–1 extract)"
K 19.59cd ± 1.67 44.47abc ± 14.11 98.91a ± 0.02 7.23d ± 0.21
P 19.89cd ± 1.01 24.99bc ± 8.67 98.94a ± 0.00 6.39d ± 0.38
O 24.12cd ± 0.51 73.62a ± 20.93 98.94a ± 0.00 10.63d ± 0.02
A 23.77cd ± 0.42 44.69abc ± 13.28 98.99a ± 0.01 23.05d ± 1.10
DK 7.79e ± 1.42 19.56bc ± 0.92 19.99de ± 13.83 440.62b ± 55.01
DP 20.09cd ± 2.05 6.58c ± 0.48 49.64c ± 6.22 596.14a ± 64.21
DO 68.24a ± 9.78 29.94bc ± 1.41 26.12d ± 9.53 355.55b ± 47.16
DA 17.28de ± 0.78 34.91abc ± 3.66 75.71b ± 0.49 321.04bc ± 59.10
K-P 38.89b ± 6.18 24.34bc ± 1.23 46.07c ± 5.17 175.05c ± 32.27
A-O 30.67bc ± 3.55 50.02ab ± 0.23 5.25e ± 5.21 296.22bc ± 2.66
"Results are presented as mean ± standard deviation (SD), and different letters within columns indicate statistically significant"
differences (P < 0.05) by Tukey’s multiple range test. K: fresh kiwi; P: fresh pear; O: fresh orange; A: fresh apple; DK: dried kiwi;
DP: dried pear; DO: dried orange; DA: dried apple; K-P: kiwi-pear chips; A-O: apple-orange chips
