"Table 1. Texture parameters of potato chips prepared by frying and baking at 170,180,190°C.",
Texture parameter Temperature (°C) Frying Baking,p (α=0.05)
Fmax (N) 170 2.74 ± 1.04 2.88 ± 0.45,0.692
180 2.66 ± 0.79 2.02 ± 0.33,0.029
190 2.02 ± 0.73 2.41 ± 0.67,0.233
Deformation (mm) 170 1.77 ± 0.92 0.91 ± 0.65,0.027
180 1.09 ± 0.51 0.65 ± 0.10,0.015
190 2.24 ± 0.87 1.14 ± 0.42,0.002
Hardness (N/mm) 170 1.88 ± 1.06 3.90 ± 1.45,0.002
180 2.85 ± 1.32 3.17 ± 0.62,0.500
190 0.99 ± 0.41 2.33 ± 0.86,0.000
"Table 2. Color parameters of potato chips prepared by frying and baking at 170, 180, 190°C.",
Color parameter Temperature (°C) Frying Baking,p (α=0.05)
L* 170 93.7 ± 1.9 80.5 ± 2.5,0.000
180 87.9 ±  3.5 75.3 ± 4.4,0.000
190 92.2 ± 1.2 83.9 ± 2.8,0.002
a* 170 -13.4 ± 3.0 8.7 ± 3.3,0.000
180 -2.1 ± 7.0 20.0 ± 5.7,0.000
190 -9.9 ± 2.4 4.2 ± 5.5,0.000
b* 170 61.3 ± 2.2 57.5 ± 2.3,0.000
180 64.9 ± 1.5 55.0 ± 2.6,0.000
190 62.6 ± 1.7 57.5 ± 1.5,0.000
"∆E 170 15.7 ± 1.8 26.3 ± 3.3",0.000
180 22.3 ± 4.4 37.4 ± 6.4,0.000
190 16.7 ± 1.7 21.7 ± 5.4,0.025
